{"cameraMode":{"drawMode":0,"name":"Shaded","section":"Shading Mode"},"sceneLighting":true,"audioPlay":false,"sceneViewState":{"m_AlwaysRefresh":false,"showFog":true,"showSkybox":true,"showFlares":true,"showImageEffects":true,"showParticleSystems":true,"showVisualEffectGraphs":true,"m_FxEnabled":true},"in2DMode":false,"pivot":{"x":5.599767684936523,"y":4.748416423797607,"z":-4.850439548492432},"rotation":{"x":-0.022433646023273469,"y":0.9759747982025147,"z":-0.12244770675897598,"w":-0.17880704998970033},"size":3.4375250339508058,"orthographic":false}